1,TEMP0000,Registration
4,TEMP0001,Registration
5,TEMP0002,Registration
6,TEMP0003,Registration
7,TEMP0004,Registration
8,TEMP0005,Registration
9,TEMP0006,Registration
10,TEMP0007,Registration
11,TEMP0008,Registration
12,TEMP0009,Registration
13,TEMP0010,Registration
14,TEMP0011,Registration
15,TEMP0012,Registration
16,TEMP0013,Registration
17,TEMP0014,Registration
18,TEMP0015,Registration
19,TEMP0016,Registration
20,TEMP0017,Registration
21,TEMP0018,Registration
22,TEMP0019,Registration
23,TEMP0020,Registration
24,TEMP0021,Registration
25,TEMP0022,Registration
26,TEMP0023,Registration
27,TEMP0024,Registration
28,TEMP0025,Registration
29,TEMP0026,Registration
30,TEMP0027,Registration
31,TEMP0028,Registration
32,TEMP0029,Registration
33,TEMP0030,Registration
34,TEMP0031,Registration
35,TEMP0032,Registration
36,TEMP0033,Registration
37,TEMP0034,Registration
38,TEMP0035,Registration
39,TEMP0036,Registration
40,TEMP0037,Registration
41,TEMP0038,Registration
42,TEMP0039,Registration
43,TEMP0040,Registration
44,TEMP0041,Registration
45,TEMP0042,Registration
46,TEMP0043,Registration
47,TEMP0044,Registration
48,TEMP0045,Registration
49,TEMP0046,Registration
50,TEMP0047,Registration
51,TEMP0048,Registration
52,TEMP0049,Registration
53,TEMP0050,Registration
54,TEMP0051,Registration
55,TEMP0052,Registration
56,TEMP0053,Registration
57,TEMP0054,Registration
58,TEMP0055,Registration
59,TEMP0056,Registration
60,TEMP0057,Registration
61,TEMP0058,Registration
62,TEMP0059,Registration
63,TEMP0060,Registration
64,TEMP0061,Registration
65,TEMP0062,Registration
66,TEMP0063,Registration
67,TEMP0064,Registration
68,TEMP0065,Registration
69,TEMP0066,Registration
70,TEMP0067,Registration
71,TEMP0068,Registration
72,TEMP0069,Registration
73,TEMP0069,Registration
74,TEMP0070,Registration
75,TEMP0071,Registration
76,TEMP0072,Registration
