146,eyJhbGciOiJIUzUxMiJ9.eyJzdWIiOiI5NzY5NDc0NTY1IiwiaWF0IjoxNzEyMTM5MDI0LCJleHAiOjE3MTIzMTkwMjR9.NKMTZdaFlK9hnsI8R-ak0PQpwZKq5C3WNOMlay6rjhhrxxkVni6Z7TU3Sq_vGFf6ctQC1tZvV9gYWCL-esa42A,54,t,t,BEARER
151,eyJhbGciOiJIUzUxMiJ9.eyJzdWIiOiI5NzY5NDc0NTY5IiwiaWF0IjoxNzEyMTQwNDE3LCJleHAiOjE3MTIzMjA0MTd9.uTdB8eNORpflpcfK-ay019aRKS-L_qFgGUzNwM2pUK0_ISI45fgI1exfkPLYnf2q1apZ8r4Zf7GMk1LlDB_f0w,56,t,t,BEARER
156,eyJhbGciOiJIUzUxMiJ9.eyJzdWIiOiI5NzY5NDc0NTY5IiwiaWF0IjoxNzEyMTQyNjEzLCJleHAiOjE3MTIzMjI2MTN9.WhCk-ot3YInCmtWXU1DO8hKvm9F8ego0vVV1-UQBHrXYS7FM9hOL6gd0YQvcEidAUjSFoKMYCmCwVEW7K539Ag,56,t,t,BEARER
161,eyJhbGciOiJIUzUxMiJ9.eyJzdWIiOiI4OTUwNTkzNTQ2IiwiaWF0IjoxNzEyMjAzOTU5LCJleHAiOjE3MTIzODM5NTl9.CZryOhR4feaRDWPBOTZ9uout369DVjtr0UkTMb0DckAmPU39rIzXvdakZhWgvXLo9-vFdBtIT3JnOfcWI1uQug,57,t,t,BEARER
167,eyJhbGciOiJIUzUxMiJ9.eyJzdWIiOiI4OTUwNTkzNTQ2IiwiaWF0IjoxNzEyMzE0MzAyLCJleHAiOjE3MTI0OTQzMDJ9.9O1Z4SITlzf1UxU_D7RPIDkeqvCNDOPmmrA9R-3cSSNmYERYs7AGqCC2-EodyFvWGA8jLlXqu08xTti5UDsyQA,57,t,t,BEARER
172,eyJhbGciOiJIUzUxMiJ9.eyJzdWIiOiI5NzY5NDc0NTY1IiwiaWF0IjoxNzEyMzE2MTIwLCJleHAiOjE3MTI0OTYxMjB9.W6S-lGpzbT3-e-Ir7kcTEvGB8XHFp2-7d-iA0HX2g9vg1HaYyLIgznEvy_ABRC5d78Ymq8nCsAqIk_fEtNdDMA,54,t,t,BEARER
177,eyJhbGciOiJIUzUxMiJ9.eyJzdWIiOiI5NzY5NDc0NTY1IiwiaWF0IjoxNzEyNTUxNTY2LCJleHAiOjE3MTI3MzE1NjZ9.dsR0enn9TlevT5rGDn1HWGDSTO5ueVf831L2HO1W2oES2qb3ForLgUwSakwV35SCKV8bIxE-JgGSKfu0tGGvbw,54,t,t,BEARER
182,eyJhbGciOiJIUzUxMiJ9.eyJzdWIiOiI5NzY5NDc0NTQzIiwiaWF0IjoxNzEyNTUxODczLCJleHAiOjE3MTI3MzE4NzN9.mk8Po1LlvUQO0526_cSPsIzEWPFqSt_rlKYT_ch2puaSjoZqFkB_PocZxHqylb5OOhQNlIDjTRhOrIti8lirhQ,55,t,t,BEARER
187,eyJhbGciOiJIUzUxMiJ9.eyJzdWIiOiI5NzY5NDc0NTY1IiwiaWF0IjoxNzEyNTUyMzg1LCJleHAiOjE3MTI3MzIzODV9.8e2k4UVMl8nnqszH4YQBvHOHYKc7AgSn64Lfb6TyNbWkdPCAeg9SZhfvIsiKGXsWQLP7VDjX091NEcXlwIfkDQ,54,t,t,BEARER
196,eyJhbGciOiJIUzUxMiJ9.eyJzdWIiOiI4NDk3NDkyMzc0OSIsImlhdCI6MTcxMjY0NDg4OCwiZXhwIjoxNzEyODI0ODg4fQ.UufbX5aeeKnrFIqISAvKNbsBu0ybNYSXkJJmCamFoS6Og7KlL5M1fsDVE5NqK0XP_h1musYbdakf6yF8bcobEQ,63,t,t,BEARER
201,eyJhbGciOiJIUzUxMiJ9.eyJzdWIiOiI4NDk3NDkyMzc0OSIsImlhdCI6MTcxMjY0NjU4OCwiZXhwIjoxNzEyODI2NTg4fQ.rhBJ3xhFL74GxJBZvGjEve1me4AQox1QlWLZL3jrb-CBC7cem1Hgb511cXVwAbbEWp4OlqnKXRpW1wYmXQ1TYA,63,t,t,BEARER
191,eyJhbGciOiJIUzUxMiJ9.eyJzdWIiOiI4OTUwNTkzNTQ2IiwiaWF0IjoxNzEyNjQ0NjMzLCJleHAiOjE3MTI4MjQ2MzN9.HPWW3sf33jMPk6LG9H7GglNUtzOJWelaAtF0Zmky4r-dVWYBdmUFuQYWCrn1QGr8MXMKbP4Ao3E4UcaB0GSTmQ,57,t,t,BEARER
206,eyJhbGciOiJIUzUxMiJ9.eyJzdWIiOiI4OTUwNTkzNTQ2IiwiaWF0IjoxNzEyNjQ3MTEzLCJleHAiOjE3MTI4MjcxMTN9.CRaanQp9ROlWDmERSnEz6EEsEJ1qtM7FSU9c8tqxd9iTkvbb5ZnlbPXq_WZdPYku3j3Fu9m9Juf-DA8Xq6-agQ,57,t,t,BEARER
211,eyJhbGciOiJIUzUxMiJ9.eyJzdWIiOiI4OTUwNTkzNTQ2IiwiaWF0IjoxNzEyNjU1NTY2LCJleHAiOjE3MTI4MzU1NjZ9.yTTzr_qJUNhgP41Vane-JBV-naTKh4gJtXSdJEobUqfJZvh5C19JqZQ1g56tNFBFzmYB4r20pM_UpCT9Tk2JtQ,57,t,t,BEARER
216,eyJhbGciOiJIUzUxMiJ9.eyJzdWIiOiI5ODc2NTQzMjExIiwiaWF0IjoxNzEyNjU3MDk4LCJleHAiOjE3MTI4MzcwOTh9.WcqgU3JUfGgeMsr2FVbNQWtESeQRuJBUoNIuyDCK5AjT5ND4yK_VX5G1_1J2KDcOZmmmhRBF2mI0NnKZUIusBg,64,t,t,BEARER
221,eyJhbGciOiJIUzUxMiJ9.eyJzdWIiOiI5ODc2NTQzMjExIiwiaWF0IjoxNzEyNjU3OTY4LCJleHAiOjE3MTI4Mzc5Njh9.Daj47eQ88cI5195TmyDahoJ3v3app22DV2375mPI7-wA5rN7FYHLA4KJa0WNnVBBr9lnNM0MXSb412PMt4c-qg,64,t,t,BEARER
226,eyJhbGciOiJIUzUxMiJ9.eyJzdWIiOiI5ODc2NTQzMjExIiwiaWF0IjoxNzEyNjYwMDI4LCJleHAiOjE3MTI4NDAwMjh9.6oDx3LwSkOL3SueaAA6f65VyHPt-6Ho5VbA780Qiz3I4a368SZlIC4BPiSR2qLSqepCp-L65lROlMQlJSMi9aA,64,t,t,BEARER
231,eyJhbGciOiJIUzUxMiJ9.eyJzdWIiOiI5ODc2NTQzMjExIiwiaWF0IjoxNzEyNjYwNjMyLCJleHAiOjE3MTI4NDA2MzJ9.vaLoLX74yxorEGmtHqHWy1AGhx9NsQIxFsNaqAh8MWogT-jE2tONa2qDvaqn1MNWLz3NMRx-5qZlNjJ_EQXoQg,64,t,t,BEARER
236,eyJhbGciOiJIUzUxMiJ9.eyJzdWIiOiI5ODc2NTQzMjExIiwiaWF0IjoxNzEyNjYxNDMwLCJleHAiOjE3MTI4NDE0MzB9.VVxeUswoayL1wjFFrbTSA6s0jcVMF9xAT5YUOizKxnsfg859nt_lRFo_ghUvv2F5SZvdfcIxZx3u7_OerV9FTg,64,t,t,BEARER
241,eyJhbGciOiJIUzUxMiJ9.eyJzdWIiOiI5ODc2NTQzMjExIiwiaWF0IjoxNzEyNjYyODMwLCJleHAiOjE3MTI4NDI4MzB9._34qpaArKFA9B68nppKpWO8gZA-nrnfcGTrb5baT22MGN1nf6RU4XQi9QQ-f7-WF08nZWViX8cWxOAm1kPyKOw,64,t,t,BEARER
246,eyJhbGciOiJIUzUxMiJ9.eyJzdWIiOiI5ODc2NTQzMjExIiwiaWF0IjoxNzEyNzI0NzYwLCJleHAiOjE3MTI5MDQ3NjB9.LXejmezIwDTwmHAQGVJemGEzEvbaUcjnf-ryCUUjOTCWL8BxRGk-9PV2krm9ZUy_g7IQfF48-BK-_y1uXPknsA,64,t,t,BEARER
251,eyJhbGciOiJIUzUxMiJ9.eyJzdWIiOiI5ODc2NTQzMjExIiwiaWF0IjoxNzEyNzI2NTgxLCJleHAiOjE3MTI5MDY1ODF9.vzmF63rR-972lJEndwTrbY5j34NxjhBCVLP5KFUny-jzl7a9e6f881YCN2ryiGbXeUscsMQ4xcth4GcygINw0w,64,t,t,BEARER
256,eyJhbGciOiJIUzUxMiJ9.eyJzdWIiOiI5ODc2NTQzMjExIiwiaWF0IjoxNzEyNzI5NzQ5LCJleHAiOjE3MTI5MDk3NDl9.1hSekEcvl29bZldxuk0D9rnm7zfx6SWy5pcKoTztVNgSEBxLNjEVKHcSGF3NxkmB2D4O9rXE3FzsQ3zl8hna0A,64,t,t,BEARER
261,eyJhbGciOiJIUzUxMiJ9.eyJzdWIiOiI5ODc2NTQzMjExIiwiaWF0IjoxNzEyNzMyNTQ0LCJleHAiOjE3MTI5MTI1NDR9.hLqQ2ubDcVHFGJwRZhamD6KqE09Q-zW-27VTSiDraS-Y39r7gkbLsvtsk3qySrzp04MHyeR2q37UAtw9ZKzdjQ,64,t,t,BEARER
266,eyJhbGciOiJIUzUxMiJ9.eyJzdWIiOiI5ODc2NTQzMjExIiwiaWF0IjoxNzEyNzMzNTg5LCJleHAiOjE3MTI5MTM1ODl9._zQiXsMI2jLX6DtEg1r_59oH0cQSIm5D7I2eag_eYfpuW7YHWobovCGUAHheXZR9-Q2gZpW79N2kKKDAA0vlcw,64,t,t,BEARER
271,eyJhbGciOiJIUzUxMiJ9.eyJzdWIiOiI5ODc2NTQzMjExIiwiaWF0IjoxNzEyNzM0ODk3LCJleHAiOjE3MTI5MTQ4OTd9.w7fJqdE7NbEoWz-Zb0dOlJVo1fgipEdM1mWJ3whhNbxrgrFn2Qd5f1u8_sf_mmOwYQ7mX8sDHrh8j72MbkujmQ,64,t,t,BEARER
276,eyJhbGciOiJIUzUxMiJ9.eyJzdWIiOiI5ODc2NTQzMjExIiwiaWF0IjoxNzEyNzM3MzU0LCJleHAiOjE3MTI5MTczNTR9.yoAqZ8QFhWZ5BZilhbiFM6jyevvbVNVkg6ERQoxWW6UFPCgkQwdsaBSfKfebWrOn1gYXmD8T9aPIXJtHGBjARA,64,t,t,BEARER
279,eyJhbGciOiJIUzUxMiJ9.eyJzdWIiOiI5ODc2NTQzMjExIiwiaWF0IjoxNzEyNzM3NDAxLCJleHAiOjE3MTI5MTc0MDF9.b_dqHpD93zCYf0n5wF-2GHUCcpOduZhIM8B-lOF7rlbhkdhY4pVGTO5uQZMOj7fZfm5UA1rLaJAEczvjrgWjCg,64,t,t,BEARER
283,eyJhbGciOiJIUzUxMiJ9.eyJzdWIiOiI5ODc2NTQzMjExIiwiaWF0IjoxNzEyNzQwMTUxLCJleHAiOjE3MTI5MjAxNTF9.8bPyK3-rFR9SvZH5z7DxX9mI6_TyLKfKBKpBSd5jtb3BYaOliH9GZk7OFyi4rICS5rfOWzTWov8hA8Mf_QYrAA,64,t,t,BEARER
284,eyJhbGciOiJIUzUxMiJ9.eyJzdWIiOiI5ODc2NTQzMjExIiwiaWF0IjoxNzEyNzQwMzY4LCJleHAiOjE3MTI5MjAzNjh9.9To_mUEc7sAqRmlL_ghHeoShYpBOrNpKf-Q5UpvWnlEok5ZXudjAEACGSjODwasqn1lkg6VRE2gw0V5NNq-mrw,64,t,t,BEARER
291,eyJhbGciOiJIUzUxMiJ9.eyJzdWIiOiI5NzY5NDc0NTY1IiwiaWF0IjoxNzEyNzQxNzc3LCJleHAiOjE3MTI5MjE3Nzd9._lpxdEYgjUS59sXCI_fZKnSRleIStlE-aNz5yYb_mzD8uyGjoXA4_7RDfKA1ZS1RLlNBL9P_Zb43Np4QAuUtmw,54,t,t,BEARER
292,eyJhbGciOiJIUzUxMiJ9.eyJzdWIiOiI5NzY5NDc0NTY1IiwiaWF0IjoxNzEyNzQyMjM3LCJleHAiOjE3MTI5MjIyMzd9.7X6T3B4zEhqBi_1kzrOJW4TjR56NYpElVKkAvRVYcx8c8uWdNhY19Ch-rI0huU6JbZ2R2FjJdwmqI8KWHv-bwQ,54,t,t,BEARER
297,eyJhbGciOiJIUzUxMiJ9.eyJzdWIiOiI5NzY5NDc0NTY1IiwiaWF0IjoxNzEyNzQzODUxLCJleHAiOjE3MTI5MjM4NTF9.yiggkf68ODO-lsqGQesx4yBDd17tUFcPBzU1TMzGRcVqpB3VGPQrtK-Bmr_EDR_GRu7Vwuvxl53EXq_7zIDZIA,54,t,t,BEARER
147,eyJhbGciOiJIUzUxMiJ9.eyJzdWIiOiI5NzY5NDc0NTY1IiwiaWF0IjoxNzEyMTM5OTI0LCJleHAiOjE3MTIzMTk5MjR9.x64XTYjZMM5rHObKkQb4x4Y-lkrLEJDuyH32CGEok7VnZ86Njsrbo5GFwiYon0Th6qLcpz-687rDYJ-Mvh_a_Q,54,t,t,BEARER
152,eyJhbGciOiJIUzUxMiJ9.eyJzdWIiOiI5NzY5NDc0NTY1IiwiaWF0IjoxNzEyMTQwNDMyLCJleHAiOjE3MTIzMjA0MzJ9.uf4fF-aoUV5cnG1J-p5ZJur7lnO-8BxhndkupDuEh-uLstfWSAjIJe-jMFdwLzkeQ1Ze8rVcmoB-GmWzuSSLEQ,54,t,t,BEARER
157,eyJhbGciOiJIUzUxMiJ9.eyJzdWIiOiI5NzY5NDc0NTY5IiwiaWF0IjoxNzEyMTQzNjEyLCJleHAiOjE3MTIzMjM2MTJ9.uM6OFfAgqPXwASLgRjWXRW4zq6jf3nitXmfMDwJsKUoWjSVe-tHjJWIpgNj5DSZA0Q0KJaXCGrVr2TFskX5wBQ,56,t,t,BEARER
162,eyJhbGciOiJIUzUxMiJ9.eyJzdWIiOiI5NzY5NDc0NTY1IiwiaWF0IjoxNzEyMjk1Mzk5LCJleHAiOjE3MTI0NzUzOTl9.wBenNFogQGaO-PzY66iOawbTFGI_WBPoNDynchWulAnI3KI_xrxiiqKXHGyTK9EaHdSrfQeMLI59oQ2U_9EmTg,54,t,t,BEARER
168,eyJhbGciOiJIUzUxMiJ9.eyJzdWIiOiI5NzY5NDc0NTY1IiwiaWF0IjoxNzEyMzE0MzE3LCJleHAiOjE3MTI0OTQzMTd9.xWWbWmOkdd_vyxjzwXKLziahKJqC6TKqhI_irMvChd-g-lRo5Kz-FEd8zcqmZOm4UtXTqd3nb1treowfup9BLQ,54,t,t,BEARER
173,eyJhbGciOiJIUzUxMiJ9.eyJzdWIiOiI5NzY5NDc0NTY1IiwiaWF0IjoxNzEyMzE2MTg5LCJleHAiOjE3MTI0OTYxODl9.-hqVF3YB8NlTS3F9CE8bB4vDSAB8HY_q4XDXONt_r_jLG4IdlcP4pRm1lUPYdAmVY-43ORh3X74yQiWn0qihOg,54,t,t,BEARER
178,eyJhbGciOiJIUzUxMiJ9.eyJzdWIiOiI5NzY5NDc0NTY1IiwiaWF0IjoxNzEyNTUxNTczLCJleHAiOjE3MTI3MzE1NzN9.mpxqaEanBcaVAEeo-jjnD8nE9bB1KIoY3rwHYq94DizzrMOMYVTSt72t2P3v8uBW2Lgj0CzrsgTf4FhgRV1zjQ,54,t,t,BEARER
183,eyJhbGciOiJIUzUxMiJ9.eyJzdWIiOiI5NzY5NDc0NTY1IiwiaWF0IjoxNzEyNTUyMTE1LCJleHAiOjE3MTI3MzIxMTV9.WRsFP1aZ-f9q23hYvUiUtvuyOiMCACpI6sjwlrD8-brQctYXuthbqI3d2_mzaWRI01PSmMYhInryyHs4dVxSig,54,t,t,BEARER
188,eyJhbGciOiJIUzUxMiJ9.eyJzdWIiOiI5NzY5NDc0NTY1IiwiaWF0IjoxNzEyNTUyNDM3LCJleHAiOjE3MTI3MzI0Mzd9.fCUhtvi5riFOxztiQuQsIHBTyexkKefHcXbHIEn5lNdFBGOOMtdFkyUfMshZp0C-URD0EAG0cgbLksKuhwXbaw,54,t,t,BEARER
192,eyJhbGciOiJIUzUxMiJ9.eyJzdWIiOiI4NDk3NDkyMzc0OSIsImlhdCI6MTcxMjY0NDgxNywiZXhwIjoxNzEyODI0ODE3fQ.dT6QFreWv0BzEQeRtN4Mz5zf8YjHHsoHnIywQE1jD_HTEn0pCQeFRl6IStuRvz7WB9GuHOgLGjaBsK06YW397Q,63,t,t,BEARER
197,eyJhbGciOiJIUzUxMiJ9.eyJzdWIiOiI4NDk3NDkyMzc0OSIsImlhdCI6MTcxMjY0NTE5NSwiZXhwIjoxNzEyODI1MTk1fQ.jxKqOaeo8iT1RacTK4Piu2mYBeD2jHFhunlwvCJ7iGn-PVpbTfDXCriplJXr2yO4gsxaamOC4HpJwFnKS_8cPQ,63,t,t,BEARER
202,eyJhbGciOiJIUzUxMiJ9.eyJzdWIiOiI4NDk3NDkyMzc0OSIsImlhdCI6MTcxMjY0NjU5OSwiZXhwIjoxNzEyODI2NTk5fQ.ZbLgBAmylSpVK-4hLTwRQU45fyGjRKJGzCsL1apH3Ce1mpelFF5oWbnDESvTZ5xUQZKAMzZP-1NMlgsv0gbaTg,63,t,t,BEARER
207,eyJhbGciOiJIUzUxMiJ9.eyJzdWIiOiI4OTUwNTkzNTQ2IiwiaWF0IjoxNzEyNjQ3MjI4LCJleHAiOjE3MTI4MjcyMjh9.DOYipx4MOp8sOR7UI4WJsNptSyU11EbCSgF1hu6yK5zjjX_qALgM48T-5dRPWlsinhXMjSReXIAU20EEZTwa2Q,57,t,t,BEARER
212,eyJhbGciOiJIUzUxMiJ9.eyJzdWIiOiI4OTUwNTkzNTQ2IiwiaWF0IjoxNzEyNjU1Nzg1LCJleHAiOjE3MTI4MzU3ODV9.jrc1lc4kN0vG9XNUR79y9u5TXKRIztHNbxDwmgJdHrHui312MBdn1Cu5s0c_U4RnFid0VwKlAPgL_BFzbZD-bQ,57,t,t,BEARER
217,eyJhbGciOiJIUzUxMiJ9.eyJzdWIiOiI5ODc2NTQzMjExIiwiaWF0IjoxNzEyNjU3MzI0LCJleHAiOjE3MTI4MzczMjR9.lnlE4cV09RqTmzMXPiep5Z2h8bqHRY5__svuVihy3IarNPyz49YVFBZmUfG_w-av5zKT2pvEgIKCRXJAlsgBVw,64,t,t,BEARER
227,eyJhbGciOiJIUzUxMiJ9.eyJzdWIiOiI5ODc2NTQzMjExIiwiaWF0IjoxNzEyNjYwMTY0LCJleHAiOjE3MTI4NDAxNjR9.23VguUSVeWFswOWL6QJVyqgm2M-LNx-hyMvSbFqLAvrUXyi4H2pexyNizE9sbJ8eF1nqBYAWxL_FMvAk0X4udA,64,t,t,BEARER
232,eyJhbGciOiJIUzUxMiJ9.eyJzdWIiOiI5ODc2NTQzMjExIiwiaWF0IjoxNzEyNjYwNzA2LCJleHAiOjE3MTI4NDA3MDZ9.aGdAsCfgJ16onYRdAZ7nM6WUKlph694IHOABnf_yKYvYz9iCfQgClRIvQ9tmrMBX5Us_M6pjE6LxNN7XLW7DpQ,64,t,t,BEARER
222,eyJhbGciOiJIUzUxMiJ9.eyJzdWIiOiI4OTUwNTkzNTQ2IiwiaWF0IjoxNzEyNjU4NzkwLCJleHAiOjE3MTI4Mzg3OTB9.sEyBMYZNhnWOu_ohfAIJAdwmKEXzVmID5VbQLqX4QVBEuveSvE3v-K_JLsMLZZpt2zHWZ3hQSqtEa38PlDNL2g,57,t,t,BEARER
237,eyJhbGciOiJIUzUxMiJ9.eyJzdWIiOiI5ODc2NTQzMjExIiwiaWF0IjoxNzEyNjYxOTU1LCJleHAiOjE3MTI4NDE5NTV9.YgO8Ilq8FV1JR9YT44ttfJPdoWTf_FNO7f7tyzx5eMBnYVEuA03NjO1WAn0vU0wXyKr2vsctmThpU9JqNSct0g,64,t,t,BEARER
242,eyJhbGciOiJIUzUxMiJ9.eyJzdWIiOiI5ODc2NTQzMjExIiwiaWF0IjoxNzEyNjYzMTM2LCJleHAiOjE3MTI4NDMxMzZ9.xlOckNmcLf3V_ZElvs7lH35W8onRIfwxkZXLgafC9BRT-8imcwBiIJSIuiTHVbd8LaxeOCdfmesuHugFlcu4pw,64,t,t,BEARER
247,eyJhbGciOiJIUzUxMiJ9.eyJzdWIiOiI5ODc2NTQzMjExIiwiaWF0IjoxNzEyNzI2MjIzLCJleHAiOjE3MTI5MDYyMjN9.xrL8LIdadZCYOjtwW4-VTs0f16ky2TwRbm519Nv0TB4qc0L7-1nR159dy9wY9WOmjEjwXO_MxIhnsWcSZUBsEA,64,t,t,BEARER
252,eyJhbGciOiJIUzUxMiJ9.eyJzdWIiOiI5ODc2NTQzMjExIiwiaWF0IjoxNzEyNzI2ODgyLCJleHAiOjE3MTI5MDY4ODJ9.SuwAIA7n_wajjpc-igi7Elo3KSovIgAps8vGEaqD4v_2rtTnpbS3gCOzPQM7YaZRDtJDXxHVBv4cf_bBjeiotw,64,t,t,BEARER
257,eyJhbGciOiJIUzUxMiJ9.eyJzdWIiOiI5ODc2NTQzMjExIiwiaWF0IjoxNzEyNzMwMTAwLCJleHAiOjE3MTI5MTAxMDB9.QbxAvv6qVTj1CctkropwfT7VWdRNX30OYIt-nNa9YzJBg-EoK9O7ZASUJ-FS0HmI7pzT74kxTvCYQHSdLYCQOw,64,t,t,BEARER
262,eyJhbGciOiJIUzUxMiJ9.eyJzdWIiOiI5ODc2NTQzMjExIiwiaWF0IjoxNzEyNzMyNjE3LCJleHAiOjE3MTI5MTI2MTd9.2Kl9Q1i9Pv1NUIVAUFXFPjh2TGsCLl2lY4O_eu4zlgUJwUifqCeYE7r_IFeN3KJ2cEbV_wKbc5gjGz3NSBpAjw,64,t,t,BEARER
267,eyJhbGciOiJIUzUxMiJ9.eyJzdWIiOiI5ODc2NTQzMjExIiwiaWF0IjoxNzEyNzMzNjg1LCJleHAiOjE3MTI5MTM2ODV9.GDAByhuG4cs5yrfo_CCwZTccMuFDdPF-GwakwdodvahryCWozrCP58xGt98gxVrRWN1823cJEaZhwmspA7Q1uw,64,t,t,BEARER
272,eyJhbGciOiJIUzUxMiJ9.eyJzdWIiOiI5ODc2NTQzMjExIiwiaWF0IjoxNzEyNzM0OTcwLCJleHAiOjE3MTI5MTQ5NzB9.Juq0S-5JSC_qIqcW7sXQQMLcy9z_nYqohom7H7hfGhqttaIFLm9ONQebklt3sfZuvMQPg6epppG43Ba7hPRa2w,64,t,t,BEARER
277,eyJhbGciOiJIUzUxMiJ9.eyJzdWIiOiI5ODc2NTQzMjExIiwiaWF0IjoxNzEyNzM3MzU1LCJleHAiOjE3MTI5MTczNTV9.A3q5rJEQafRoqXIJV_qNJlz-HOQXYcAcoE240XdvEyco_x1l5rZrJmPecAjWHXjUNAS8hFTe5s_5fKuLZQAUHw,64,t,t,BEARER
280,eyJhbGciOiJIUzUxMiJ9.eyJzdWIiOiI5ODc2NTQzMjExIiwiaWF0IjoxNzEyNzM3NjgzLCJleHAiOjE3MTI5MTc2ODN9.j_en8Mbre3FkUqlA68g9uSf9Zkd8eLnQHPidjadIf3P3WcUOeOUcslS76DQ6VB3l_1SWRVANxIRT7-cRU5xOmA,64,t,t,BEARER
281,eyJhbGciOiJIUzUxMiJ9.eyJzdWIiOiI5ODc2NTQzMjExIiwiaWF0IjoxNzEyNzM5ODU1LCJleHAiOjE3MTI5MTk4NTV9.HjxJiDVCMQIqS6Wru-SLq5gbKdAj9lQh7fQ0_qCoC2bVvrOBmdkvjA5w3Kapwden0s7BUc9FDFukWWYj11DXUA,64,t,t,BEARER
285,eyJhbGciOiJIUzUxMiJ9.eyJzdWIiOiI5NzY5NDc0NTY1IiwiaWF0IjoxNzEyNzQwNTIxLCJleHAiOjE3MTI5MjA1MjF9.xIX0WzUsu-QhjLRCZ_BSnpkKZYcJHXyjf6n9diBQyISbYfVjYv6dvUsu74ot8Id1Enjxvz-eGrQPA-5dYfOXMg,54,t,t,BEARER
287,eyJhbGciOiJIUzUxMiJ9.eyJzdWIiOiI5NzY5NDc0NTY1IiwiaWF0IjoxNzEyNzQwNjYxLCJleHAiOjE3MTI5MjA2NjF9.iePHI2b4BskJy4_GfCepO72k1VU3uYnr3kBMsja_dTu9CoUufm6Y6USHinB09m3nfPvEvGU9vHKe0q8K_P8ywQ,54,t,t,BEARER
289,eyJhbGciOiJIUzUxMiJ9.eyJzdWIiOiI5NzY5NDc0NTY1IiwiaWF0IjoxNzEyNzQwODYzLCJleHAiOjE3MTI5MjA4NjN9.ZDb_Zzh94AYEQgviTdSgMLvPORcEkOwUoRSYIqSjRq95w1l7dgndRaEh9YmLNADBygQeq0_OFAt7_izndKh_MQ,54,t,t,BEARER
293,eyJhbGciOiJIUzUxMiJ9.eyJzdWIiOiI5NzY5NDc0NTY1IiwiaWF0IjoxNzEyNzQyMzEyLCJleHAiOjE3MTI5MjIzMTJ9.v4cpzrQEtZrdTVMJfvMSYwriA6cpjmmsxIT4bn9AEn03R9DWWASRikWh7z3Dd4I5bVbFbaS9Umi6PpcHvvxhOw,54,t,t,BEARER
148,eyJhbGciOiJIUzUxMiJ9.eyJzdWIiOiI5NzY5NDc0NTY1IiwiaWF0IjoxNzEyMTM5OTMwLCJleHAiOjE3MTIzMTk5MzB9.kLSfGRcUthGjklDqkfEPwk-afqnV4XD2FeroZ6Cm_O3otSkPn1JZjvtwfKngH5nVMiCUGESkFSyXysQU6046og,54,t,t,BEARER
153,eyJhbGciOiJIUzUxMiJ9.eyJzdWIiOiI5NzY5NDc0NTY5IiwiaWF0IjoxNzEyMTQwNjk1LCJleHAiOjE3MTIzMjA2OTV9.ZY8EkRMAQFWFMF3Q8NARWqIL9sK1CnK4Df1kA0R-82xfc8C0AjQbzjnLEMGjv0DAn4uGamAumwRf1Lwu0Br5Cw,56,t,t,BEARER
158,eyJhbGciOiJIUzUxMiJ9.eyJzdWIiOiI5NzY5NDc0NTY5IiwiaWF0IjoxNzEyMTQzOTg0LCJleHAiOjE3MTIzMjM5ODR9._Tuipyt4Egh_E5wsUMnXm87ChFh-dXcT4BDPXEK_FXho-YfBSjODVR7jrLEfZdHgXtgnkmC0b_ztiW8XaD1oHQ,56,t,t,BEARER
163,eyJhbGciOiJIUzUxMiJ9.eyJzdWIiOiI5NzY5NDc0NTY1IiwiaWF0IjoxNzEyMjk1NjA3LCJleHAiOjE3MTI0NzU2MDd9.XyYDkC_F8ZA4Qp3YYcNoSR6lZFUh7Pen7DOh0pLCIKNelBH7pNWh_o-ru_Op0O8nM5t7XhHTu0NCCr2Jx7X9QQ,54,t,t,BEARER
174,eyJhbGciOiJIUzUxMiJ9.eyJzdWIiOiI5NzY5NDc0NTY1IiwiaWF0IjoxNzEyMzE2MzcwLCJleHAiOjE3MTI0OTYzNzB9.FsuAIC07k5wQQ7bhNym0DBqgdmNGqxNMlh2pQ78lis1Ik8wYiiLYqELvvwzKxUsL9WZSzMyJ1-kt9qUvR5vmSA,54,t,t,BEARER
179,eyJhbGciOiJIUzUxMiJ9.eyJzdWIiOiI5NzY5NDc0NTY1IiwiaWF0IjoxNzEyNTUxNjAzLCJleHAiOjE3MTI3MzE2MDN9.swDOZyRbOH79L8lbhwXOeDWX7HBtDmShIlJMViszn20E5aFfCaWMEagq42RDu6p8EA2duONFIOr0W2Mg61YQAw,54,t,t,BEARER
184,eyJhbGciOiJIUzUxMiJ9.eyJzdWIiOiI5NzY5NDc0NTQzIiwiaWF0IjoxNzEyNTUyMTIzLCJleHAiOjE3MTI3MzIxMjN9.ETjbsjzI4bAEPOmDDLwCwPUKa3clOF3HxtxFvDwWxTC4RRBzfteA1P8UBTy3BnLQ00ebQcp_mr4EalNNCTQlIQ,55,t,t,BEARER
169,eyJhbGciOiJIUzUxMiJ9.eyJzdWIiOiI4OTUwNTkzNTQ2IiwiaWF0IjoxNzEyMzE0NTY1LCJleHAiOjE3MTI0OTQ1NjV9.TnoCEXT1cowLAPRxz7eU5rG5KIvCUU3YykZ9QeM8U_OxIbRay0-9i3m0_F_lkR4VrWv-T2YW2xmOA0tBd1cc6w,57,t,t,BEARER
193,eyJhbGciOiJIUzUxMiJ9.eyJzdWIiOiI4NDk3NDkyMzc0OSIsImlhdCI6MTcxMjY0NDgzMiwiZXhwIjoxNzEyODI0ODMyfQ._qWixZ_Co3v1sjN-2s9My3Yn5C37LKcVslis8CTsNozOZpXVl__TgrKLeygRxr_ZJvit89ynXnAtR7Zug8SgDA,63,t,t,BEARER
198,eyJhbGciOiJIUzUxMiJ9.eyJzdWIiOiI4NDk3NDkyMzc0OSIsImlhdCI6MTcxMjY0NTIxMCwiZXhwIjoxNzEyODI1MjEwfQ.9SvhMWIgnGF1f4tgAJU3mtM6D-xsCIHPscvSVDQNPWLTwkbfyBZYuQYFbemvaTUEblsLDO_wFJRFi2e8BlDR9w,63,t,t,BEARER
203,eyJhbGciOiJIUzUxMiJ9.eyJzdWIiOiI4NDk3NDkyMzc0OSIsImlhdCI6MTcxMjY0NjYxMiwiZXhwIjoxNzEyODI2NjEyfQ.OMQ-QCqjTuMzqZuSLntTURECoUNv9kkknH6f9qM7KfkBIkd38WNdZnyNOT1FjTK3SmhllE4I51Qn_EmDd9katQ,63,t,t,BEARER
208,eyJhbGciOiJIUzUxMiJ9.eyJzdWIiOiI4OTUwNTkzNTQ2IiwiaWF0IjoxNzEyNjQ3MzY3LCJleHAiOjE3MTI4MjczNjd9.-7O9D0CaYSpp7Iwl05wnU8w3XDNZP3o2h1FljMyTj-CswXkzX0PN91YR5OmCQlA7NC-AhvRvx-vW8_rqpS4RXg,57,t,t,BEARER
218,eyJhbGciOiJIUzUxMiJ9.eyJzdWIiOiI5ODc2NTQzMjExIiwiaWF0IjoxNzEyNjU3NDA0LCJleHAiOjE3MTI4Mzc0MDR9.Tq6MREpubpcZ9sHct3cUaE8BXd3-HoCngJFKpnjRAoTu6cR4NZJmPPhM0aWHX4tgnRW1STOdJ0dmOOB62xAQCg,64,t,t,BEARER
213,eyJhbGciOiJIUzUxMiJ9.eyJzdWIiOiI4OTUwNTkzNTQ2IiwiaWF0IjoxNzEyNjU1OTQwLCJleHAiOjE3MTI4MzU5NDB9.phJ3IjNdVqrmpK6XtlcBeO5ARyPbDjCGEJ-QggdD0m0D9bQDGVFkh1d_RH4zvD39WQhHWb_kFTUwONjxYYVN4w,57,t,t,BEARER
223,eyJhbGciOiJIUzUxMiJ9.eyJzdWIiOiI5ODc2NTQzMjExIiwiaWF0IjoxNzEyNjU5Njk0LCJleHAiOjE3MTI4Mzk2OTR9.bhkaANyDYfNLzg6OaWZOMk03pcxmbwBXVjPp759ld_GeVSV3jrRfp_DR1CZz5iFGZRmTPUDkmBFigoPdlHxqmQ,64,t,t,BEARER
228,eyJhbGciOiJIUzUxMiJ9.eyJzdWIiOiI5ODc2NTQzMjExIiwiaWF0IjoxNzEyNjYwMjM0LCJleHAiOjE3MTI4NDAyMzR9.KmjLOVzc2X_4jDwxqu6TTFnpcuI7wuHU85QX2T5tJWkDnkBiXd3AZBl2DlOA24nutLQojFgoh1_2cHBeWudeGA,64,t,t,BEARER
233,eyJhbGciOiJIUzUxMiJ9.eyJzdWIiOiI5ODc2NTQzMjExIiwiaWF0IjoxNzEyNjYwODUxLCJleHAiOjE3MTI4NDA4NTF9.p3BcLlNolCQ2W_N83dZ3ZQvQ0yZTzhztQoziX8605kYG7DjkBFjoB_ZqB9APbITco2BoQylgfQ0_ScyFlLUJgg,64,t,t,BEARER
243,eyJhbGciOiJIUzUxMiJ9.eyJzdWIiOiI5ODc2NTQzMjExIiwiaWF0IjoxNzEyNjYzMjk3LCJleHAiOjE3MTI4NDMyOTd9.LTIeWKzu7VGBjrQTGRSduiuVOrDCjFOGe2K8mEKBUoNt1ceIO0CJxy98shNhDJCJM-JuQwI6bK4wW8rA73mTFw,64,t,t,BEARER
238,eyJhbGciOiJIUzUxMiJ9.eyJzdWIiOiI4OTUwNTkzNTQ2IiwiaWF0IjoxNzEyNjYyMDA0LCJleHAiOjE3MTI4NDIwMDR9.rBwfgWRTGlgz3RdQCMNIh-1F8MISJd8NZg1lVm3f8cQdNKSBmWyiMLT7LGpCgMNfg7IjjBmi-lGmnTiTbCwJvQ,57,t,t,BEARER
248,eyJhbGciOiJIUzUxMiJ9.eyJzdWIiOiI5ODc2NTQzMjExIiwiaWF0IjoxNzEyNzI2NTM4LCJleHAiOjE3MTI5MDY1Mzh9.POAdnY3DbtNK5o-MDExeDEuVVoTWjjcIjFH75wy_FiTYUa5Ipwo9EncdsvPV2nTaav4C83g2_WP3byLDBbCtLQ,64,t,t,BEARER
253,eyJhbGciOiJIUzUxMiJ9.eyJzdWIiOiI5ODc2NTQzMjExIiwiaWF0IjoxNzEyNzI3MDQzLCJleHAiOjE3MTI5MDcwNDN9.x1q8ZZaGY0F0uBlhoNx3j7vachY5nReBywjePtWBEHlbOdt8IoxYwh2v4cZhPVouw-ChNWlFDb2Yy9-Ka7yaCg,64,t,t,BEARER
258,eyJhbGciOiJIUzUxMiJ9.eyJzdWIiOiI5ODc2NTQzMjExIiwiaWF0IjoxNzEyNzMwMjMzLCJleHAiOjE3MTI5MTAyMzN9.ZrWHLkYHYza_HCZAqBVVVYSgt28a42vJ-ut_Qa-mF2KBSBKs2UGMlTHgCjmXmjVbk2HnYAVC_xxnsn-LmeT2sw,64,t,t,BEARER
263,eyJhbGciOiJIUzUxMiJ9.eyJzdWIiOiI5ODc2NTQzMjExIiwiaWF0IjoxNzEyNzMyOTEyLCJleHAiOjE3MTI5MTI5MTJ9.nQYMps-vBtNe0-XDG2qftTPzPTM2WPD5FOqvEZUCtCCcBAWBCbBG38PKHaay5fqR91LGHzyQjIinijMXJnf-OQ,64,t,t,BEARER
268,eyJhbGciOiJIUzUxMiJ9.eyJzdWIiOiI5ODc2NTQzMjExIiwiaWF0IjoxNzEyNzM0MjE1LCJleHAiOjE3MTI5MTQyMTV9.Y5_4DdRM0jB9KRowIhHer1i0T0BdnLQJ_NxIKYG0S9XxfZUFPEq93NhrXHYL6NzlukxuyN0DoNai1x0ApVy-qg,64,t,t,BEARER
273,eyJhbGciOiJIUzUxMiJ9.eyJzdWIiOiI5ODc2NTQzMjExIiwiaWF0IjoxNzEyNzM1MjE4LCJleHAiOjE3MTI5MTUyMTh9.ir6EnfeWZT-u1rC6GLyByXKezRxufbXih7OJrXgv2odPMn1uGn8D26vc6XsKrNFHS0Hlu3jsJvor6ctja-lWfg,64,t,t,BEARER
278,eyJhbGciOiJIUzUxMiJ9.eyJzdWIiOiI5ODc2NTQzMjExIiwiaWF0IjoxNzEyNzM3MzU1LCJleHAiOjE3MTI5MTczNTV9.A3q5rJEQafRoqXIJV_qNJlz-HOQXYcAcoE240XdvEyco_x1l5rZrJmPecAjWHXjUNAS8hFTe5s_5fKuLZQAUHw,64,t,t,BEARER
282,eyJhbGciOiJIUzUxMiJ9.eyJzdWIiOiI5ODc2NTQzMjExIiwiaWF0IjoxNzEyNzQwMDk4LCJleHAiOjE3MTI5MjAwOTh9.cpBO3hXfHExMdjIFGgoR1DKabpOJs_SVfJ8f-56nf4lUhL8kfZ7DZNNcXbNzB0AdGs-nYjP0MBuHa4FJd-3Jgw,64,t,t,BEARER
189,eyJhbGciOiJIUzUxMiJ9.eyJzdWIiOiI5NzY5NDc0NTY1IiwiaWF0IjoxNzEyNTUyNTA3LCJleHAiOjE3MTI3MzI1MDd9.9_SW9lxreTOOOmskoznYEoW8BwjDAUy25xojHHVxOnKYPLaR0pXKHoFvdBbhtu_Z86pSmdT8fYVYTUkdx9bCgQ,54,t,t,BEARER
286,eyJhbGciOiJIUzUxMiJ9.eyJzdWIiOiI5ODc2NTQzMjExIiwiaWF0IjoxNzEyNzQwNTg4LCJleHAiOjE3MTI5MjA1ODh9.8MKuGGehEQrJpi7H3sq3XkQxukuGsiBvzf07W0JQcGGsHziNAKZ28h_Czor4tuO60L2OjvehabeH0kFYKgopag,64,t,t,BEARER
290,eyJhbGciOiJIUzUxMiJ9.eyJzdWIiOiI5NzY5NDc0NTY1IiwiaWF0IjoxNzEyNzQxNTUyLCJleHAiOjE3MTI5MjE1NTJ9.91MLQNY0Mio2Q0wal_aXYKY74r3_2o9yXIzlwo70IQ51gt4wz6TRP5V_e3NL2-RY60bb4K9sxyuNrWp4XXNJ7w,54,t,t,BEARER
294,eyJhbGciOiJIUzUxMiJ9.eyJzdWIiOiI5NzY5NDc0NTY1IiwiaWF0IjoxNzEyNzQyNDk1LCJleHAiOjE3MTI5MjI0OTV9.pyGPnddgAoPfAB115OXAzhSepISLTUsWybV-rWD0hHNCKJ6VPIkEZg30FN1w3nNWyIe5_2xEOhu_lSbTPMmT6g,54,t,t,BEARER
295,eyJhbGciOiJIUzUxMiJ9.eyJzdWIiOiI5NzY5NDc0NTY1IiwiaWF0IjoxNzEyNzQzMzE4LCJleHAiOjE3MTI5MjMzMTh9.CMaBtnbxPORjAoJcZpAtsmKj0GkdcsJggCQIsXFAI-lPo0EEKlVbG8qdhnmVBro1rDeZIGZk11s7LbCoDW2aoA,54,t,t,BEARER
296,eyJhbGciOiJIUzUxMiJ9.eyJzdWIiOiI5NzY5NDc0NTY1IiwiaWF0IjoxNzEyNzQzMzgwLCJleHAiOjE3MTI5MjMzODB9.dqYAUxydvSzK2ghzX0wJSpjG49d1_dG5iIGFr_OchwQmZOByPidq0HGTwovenHgd6ArKug8CIjS2MHSg3Hi8mA,54,t,t,BEARER
100,eyJhbGciOiJIUzUxMiJ9.eyJzdWIiOiI5ODc2NTQzMjEwIiwiaWF0IjoxNzExOTcwNjI2LCJleHAiOjE3MTIxNTA2MjZ9.ZOJbmc7pxZ_R-cKKgHdAd68hvZtMzk_O8VPSIAvTyWXw--uHJ_mpEJEqmaS587xhSkN3rLqR3DOXltextUq8Sw,27,t,t,BEARER
101,eyJhbGciOiJIUzUxMiJ9.eyJzdWIiOiI5ODc2NTQzMjEwIiwiaWF0IjoxNzEyMDI4MDIwLCJleHAiOjE3MTIyMDgwMjB9.CYWHbxZhWjP4c2MFDZ5aE1uD101EPk9qGsgwmBhfD58W5cDv8XU-ne-d_KBp78IG-66jy_nOsaCwoiUpEw_l6A,27,t,t,BEARER
102,eyJhbGciOiJIUzUxMiJ9.eyJzdWIiOiI5ODc2NTQzMjEwIiwiaWF0IjoxNzEyMDM1OTIyLCJleHAiOjE3MTIyMTU5MjJ9.v0bQDbBF3F3FyaqfGWNPcUU9hw5_F9rpyy-tV1973YCMFbl0K8mqbEBvM_9oylorUbBzvYnslnWhCqvB0X-X_w,27,t,t,BEARER
103,eyJhbGciOiJIUzUxMiJ9.eyJzdWIiOiI5ODc2NTQzMjEwIiwiaWF0IjoxNzEyMDM1OTg1LCJleHAiOjE3MTIyMTU5ODV9.gP2BRxYRs83OgzPf3ZpyowAI2nAzheaK1PCzs__5wq4NOoISLXaW9BhpYEedPtimCfn3dFlj1v2C9hlaC9nMgw,27,t,t,BEARER
104,eyJhbGciOiJIUzUxMiJ9.eyJzdWIiOiI5ODc2NTQzMjEwIiwiaWF0IjoxNzEyMDM2MDM3LCJleHAiOjE3MTIyMTYwMzd9.D7k30pDTVqR2Zbf0fdEtbG7-hoUQJDyWCPg7BL05tH_dZtFvvq6e1xN-XAy-BqjiA0j8ypK7bGeDH0IEHLUQ3A,27,t,t,BEARER
105,eyJhbGciOiJIUzUxMiJ9.eyJzdWIiOiI5ODc2NTQzMjEwIiwiaWF0IjoxNzEyMDM2MTI4LCJleHAiOjE3MTIyMTYxMjh9.PaZ54TwsYUC2Fxd53lwuU94c0ZWfvyzREAbCvNfvYv9dlnQzdQ4pdnibcmauIMT-SAyLy2_WkubaueDYEp0MPw,27,t,t,BEARER
106,eyJhbGciOiJIUzUxMiJ9.eyJzdWIiOiI5ODc2NTQzMjEwIiwiaWF0IjoxNzEyMDM2MTkwLCJleHAiOjE3MTIyMTYxOTB9.xVdzUILOClT81TV-yxvBnDnTQMjV94ErbuZJKqZU9hApqLdOrCMPQEgQXyw1aoru_O4X3raePSVJXpivR5ejhQ,27,t,t,BEARER
107,eyJhbGciOiJIUzUxMiJ9.eyJzdWIiOiI5ODc2NTQzMjEwIiwiaWF0IjoxNzEyMDQxMzYyLCJleHAiOjE3MTIyMjEzNjJ9.VosWDZXQu9509g_JVXXz7i2nyAusCqfO9FFCRTq2eoJMxILRG4wO_-nRrN3dzQtI6K60eDoner81-mT6feKTXQ,27,t,t,BEARER
109,eyJhbGciOiJIUzUxMiJ9.eyJzdWIiOiIxMTIyOTk4ODMzIiwiaWF0IjoxNzEyMDU0MjUzLCJleHAiOjE3MTIyMzQyNTN9.f_I18YzDf50kFXRaGQY3i5JUyNps62kyvMeQkHbaj1SIz41Oo27v-OTu8t3TMCliZ-9XZ6w4TjsiN9pCl0t3KA,1,f,f,BEARER
108,eyJhbGciOiJIUzUxMiJ9.eyJzdWIiOiIxMTIyOTk4ODMzIiwiaWF0IjoxNzEyMDUyMDU4LCJleHAiOjE3MTIyMzIwNTh9.GX7OkAHQSA3QX5i44qkMDJckDGIUBNUtGBnnqjxKiuN1wAzJHUugdYs_AQm1h_u6tYrnWyGWSqjX29allLuyLQ,1,t,t,BEARER
149,eyJhbGciOiJIUzUxMiJ9.eyJzdWIiOiI5NzY5NDc0NTY5IiwiaWF0IjoxNzEyMTQwMzUyLCJleHAiOjE3MTIzMjAzNTJ9.TDt0QLN-cBduG3Mb--6TM6R4F7WjChTXrgCigCEtoM66UT-s15hx6rlZTcyIuQxOvPGIH-lI3vsWZpB2MV8_hQ,56,t,t,BEARER
154,eyJhbGciOiJIUzUxMiJ9.eyJzdWIiOiI5NzY5NDc0NTY1IiwiaWF0IjoxNzEyMTQxMjE1LCJleHAiOjE3MTIzMjEyMTV9.lcSg0i1TrBXabrQ17s7euiZS8n-CBK5oDaS66iPzHZwuTJNl70joHbMW-aeSW4TzLsU-PAbCKfLj2x4P5Rk7lQ,54,t,t,BEARER
159,eyJhbGciOiJIUzUxMiJ9.eyJzdWIiOiI5NzY5NDc0NTY5IiwiaWF0IjoxNzEyMTQ0MzMxLCJleHAiOjE3MTIzMjQzMzF9.wl6ycNjiVdi9ddjfe7j7c9FkrXJSH56p4xxMPsupVsA_faHwecDGpTtzzW58n2ge1qtdJ_-yWM_kfFhJYdxvBw,56,t,t,BEARER
164,eyJhbGciOiJIUzUxMiJ9.eyJzdWIiOiI5NzY5NDc0NTY1IiwiaWF0IjoxNzEyMzEzMjI5LCJleHAiOjE3MTI0OTMyMjl9.pQGgdnUDh6Pa7f4fAr0bLx9jmUOnRHloQW8NmC5rWViPHrJcwcYgS9dNE__l4BG_UL1E4Ys9txJxuFLwc96ELA,54,t,t,BEARER
165,eyJhbGciOiJIUzUxMiJ9.eyJzdWIiOiI5NzY5NDc0NTY1IiwiaWF0IjoxNzEyMzEzMjI5LCJleHAiOjE3MTI0OTMyMjl9.pQGgdnUDh6Pa7f4fAr0bLx9jmUOnRHloQW8NmC5rWViPHrJcwcYgS9dNE__l4BG_UL1E4Ys9txJxuFLwc96ELA,54,t,t,BEARER
170,eyJhbGciOiJIUzUxMiJ9.eyJzdWIiOiI5NzY5NDc0NTY1IiwiaWF0IjoxNzEyMzE1MDE2LCJleHAiOjE3MTI0OTUwMTZ9.rETgUAN9ZJG3jgJJ-xEUGamqDanED0w4WIwV5kNTXD2kVc71Xf5d0tf8xwnwfdmesCr2p9-INu9xgDpoEmz20A,54,t,t,BEARER
175,eyJhbGciOiJIUzUxMiJ9.eyJzdWIiOiI5NzY5NDc0NTY1IiwiaWF0IjoxNzEyMzE3NDM4LCJleHAiOjE3MTI0OTc0Mzh9.0TYqBEFG1XR0mTK90rfqnGbqgOuL4k-xAfx_e3HB8BwvkzNUBold91CnQPu-v4-aNzTdqHL00zY5tXRfbP5FJQ,54,t,t,BEARER
180,eyJhbGciOiJIUzUxMiJ9.eyJzdWIiOiI5NzY5NDc0NTY1IiwiaWF0IjoxNzEyNTUxNjUxLCJleHAiOjE3MTI3MzE2NTF9.kSu-jYe4_mWN8TKh0rXBUV-aWQYbKu0Il1jpW6EvU9CPlNTBV6TVjdaE4xRyB6uMTvMRda3Rrev7k_7O5fnruw,54,t,t,BEARER
185,eyJhbGciOiJIUzUxMiJ9.eyJzdWIiOiI5NzY5NDc0NTY1IiwiaWF0IjoxNzEyNTUyMjk2LCJleHAiOjE3MTI3MzIyOTZ9.1HQhHNewEGqiZiFFd6I4ymYUnIEB3USy1OHrCGgyRfitB-uf7qJniSeqp_wdz33BdXDo-400E2lpiIIZbjafDA,54,t,t,BEARER
190,eyJhbGciOiJIUzUxMiJ9.eyJzdWIiOiI5NzY5NDc0NTQzIiwiaWF0IjoxNzEyNTUyNzE4LCJleHAiOjE3MTI3MzI3MTh9.Ixy3gZZ5CefIpdqZZodz6SIdOWB6LTWrepuC1jrQn1ekr6O6EFkemEsbtjetV8WqKAFRpqDlKdeuHDnyWT8dCA,55,f,f,BEARER
194,eyJhbGciOiJIUzUxMiJ9.eyJzdWIiOiI4NDk3NDkyMzc0OSIsImlhdCI6MTcxMjY0NDg0NywiZXhwIjoxNzEyODI0ODQ3fQ.mKqc_W7wdGl_EyB_91V9jLRIo-5hp1EYV4_LtWwRFqOxizlrUGcObVPVwjInEdVd90yrg8CWtxmOIMF7AtAFPQ,63,t,t,BEARER
199,eyJhbGciOiJIUzUxMiJ9.eyJzdWIiOiI4NDk3NDkyMzc0OSIsImlhdCI6MTcxMjY0NTIyNywiZXhwIjoxNzEyODI1MjI3fQ.7bLbkWf5zojjT4hdoTyBR23DsnpAbRSwtuNENQMrg4lrI9VMlJGzGxexpEB_eamMUzfI8wGn9sx5E5uiWoVAkg,63,t,t,BEARER
204,eyJhbGciOiJIUzUxMiJ9.eyJzdWIiOiI4NDk3NDkyMzc0OSIsImlhdCI6MTcxMjY0Njc2NiwiZXhwIjoxNzEyODI2NzY2fQ.XjijRx9e10iaIcJL_lwjYY27f-3ydLZI8pX-sv2L-9Qf_B_i3DOIVU31YSsJndyepJt89Lm-rsJZjTanReg7Bw,63,f,f,BEARER
209,eyJhbGciOiJIUzUxMiJ9.eyJzdWIiOiI4OTUwNTkzNTQ2IiwiaWF0IjoxNzEyNjU1MzU3LCJleHAiOjE3MTI4MzUzNTd9.YSm8aylAgZfQQ54jv9WAEUQ7JFgh-BLvGGZOSAju8AxXmtG2YXCviY5Cz5IbbA0xbgKg62FiJn9enzv7TTFbwg,57,t,t,BEARER
214,eyJhbGciOiJIUzUxMiJ9.eyJzdWIiOiI5ODc2NTQzMjExIiwiaWF0IjoxNzEyNjU2NzI4LCJleHAiOjE3MTI4MzY3Mjh9.XGj69ARuBmBDWKzouP7USWHwLJgYCE1ij92r8Du1o1gK66rpCLzN8AOVbDw9bUEqRGnsxL6mNlQKwvaNtNBLpw,64,t,t,BEARER
219,eyJhbGciOiJIUzUxMiJ9.eyJzdWIiOiI5ODc2NTQzMjExIiwiaWF0IjoxNzEyNjU3NTQ5LCJleHAiOjE3MTI4Mzc1NDl9.5yVqhR3QI0VZNuz2aDnysE0WLWjDcFcm37dCFp5LNM7W0mpFVJKsYcvsgsOeRNjwxfwdmyA9-KPyoRN5oyeGtA,64,t,t,BEARER
224,eyJhbGciOiJIUzUxMiJ9.eyJzdWIiOiI5ODc2NTQzMjExIiwiaWF0IjoxNzEyNjU5ODc3LCJleHAiOjE3MTI4Mzk4Nzd9.vSV7O_j9jtkPopg5r_A-cmUGHYE8BHUHb3Oi8r2m-vC4ieY0wsePtzU6emncNyVNO5gFER-NdocDexwB5nayuA,64,t,t,BEARER
229,eyJhbGciOiJIUzUxMiJ9.eyJzdWIiOiI5ODc2NTQzMjExIiwiaWF0IjoxNzEyNjYwNDc1LCJleHAiOjE3MTI4NDA0NzV9.iYMzRysSLb1vRL819drcrVRKP2LqGfekq1ailQcTlKoRjr2ZfIUMaSReJPbMdPyDVQhf7m6PO9MvvDKKVE4BjQ,64,t,t,BEARER
234,eyJhbGciOiJIUzUxMiJ9.eyJzdWIiOiI5ODc2NTQzMjExIiwiaWF0IjoxNzEyNjYxMTQ0LCJleHAiOjE3MTI4NDExNDR9.GFm2CgRsPyqal7Re2RFN5vMgZ_kIYSuvbn9cfTpOIG16k9_iqpGT-LvZUgVzIzfXiKuGsBceXtVoRN7YwBT74A,64,t,t,BEARER
239,eyJhbGciOiJIUzUxMiJ9.eyJzdWIiOiI5ODc2NTQzMjExIiwiaWF0IjoxNzEyNjYyMjcwLCJleHAiOjE3MTI4NDIyNzB9.TKVkjPs4og3ZRrxLstqVInwiqMVEpJnzpIgXHcLFMXy-tu82PMuOwsdxSLv3ZeOgMYMKVSiU090G_GMhrC6AfQ,64,t,t,BEARER
244,eyJhbGciOiJIUzUxMiJ9.eyJzdWIiOiI5ODc2NTQzMjExIiwiaWF0IjoxNzEyNjYzODMzLCJleHAiOjE3MTI4NDM4MzN9.yqOFNvm9fkG1ZMJOLvHhyptbawZS7sy5ubFHCVUjpivt_60oJD4v51Ku3TgEq9VO5o9rbdaS5471Sw_uzlzntg,64,t,t,BEARER
249,eyJhbGciOiJIUzUxMiJ9.eyJzdWIiOiI5ODc2NTQzMjExIiwiaWF0IjoxNzEyNzI2NTM5LCJleHAiOjE3MTI5MDY1Mzl9.-09vybr92olzWWYwit7yqVe0Ds0_yB-f0Hd6j1f84M7ehR_H8eRd0B2WFoYx05sGClg1XSUTPq-rVDEyWDA8qA,64,t,t,BEARER
254,eyJhbGciOiJIUzUxMiJ9.eyJzdWIiOiI5ODc2NTQzMjExIiwiaWF0IjoxNzEyNzI3MjMxLCJleHAiOjE3MTI5MDcyMzF9.fonsuzL_ngtmKP6p9GOss3BhbrofBrG71quq0ynPBMukGTpYGeWsreJPao2RHaJXWPG47kNOj-MCovfLvUK3Hw,64,t,t,BEARER
259,eyJhbGciOiJIUzUxMiJ9.eyJzdWIiOiI5ODc2NTQzMjExIiwiaWF0IjoxNzEyNzMxODgyLCJleHAiOjE3MTI5MTE4ODJ9.m0348hTnUWo-xP3ycOgFWxPUtEVhOthtyJVS6x-pSg6nkwFOcF3NTfHQMroJYG_Aw1sHa4bL-fJCa2OtDW90Xg,64,t,t,BEARER
145,eyJhbGciOiJIUzUxMiJ9.eyJzdWIiOiI5NzY5NDc0NTY1IiwiaWF0IjoxNzEyMTI1MzQ4LCJleHAiOjE3MTIzMDUzNDh9.SFP7OOO-Gm8aXTGAJCoXSIitgGX5pPv8yb3tdqDgFfHX_O7jaFFtSJPKK8TKCuiIehm1JqUc2BurvaXg_fjV5w,54,t,t,BEARER
150,eyJhbGciOiJIUzUxMiJ9.eyJzdWIiOiI5NzY5NDc0NTY5IiwiaWF0IjoxNzEyMTQwMzgyLCJleHAiOjE3MTIzMjAzODJ9.a-egJCEIFOpKiFbUBMhgAo9s8V2ryWTG3ciAikEvLoACr-62GJcRtA8LaFDunxwmLiY4fSOHuU0W8QDs7nAbHw,56,t,t,BEARER
160,eyJhbGciOiJIUzUxMiJ9.eyJzdWIiOiI5NzY5NDc0NTY5IiwiaWF0IjoxNzEyMTQ1MTc1LCJleHAiOjE3MTIzMjUxNzV9.wt-DSaPyqKGTLGN6CUJtgyxj931k55-ZRBMvkioHrzk5D7qTJTafXzLGkUpHArIbjbc2FMra5pXLumcdhIl4PQ,56,f,f,BEARER
155,eyJhbGciOiJIUzUxMiJ9.eyJzdWIiOiI5NzY5NDc0NTY1IiwiaWF0IjoxNzEyMTQxMzE1LCJleHAiOjE3MTIzMjEzMTV9.heqw87fDojxi5_Wm92MGXg7pUMIGVpDU9sf27ijCiXd_3LmvgSGkcQ55MyZB9_Fx_uwihALNtFdWxkTx9_9FwQ,54,t,t,BEARER
166,eyJhbGciOiJIUzUxMiJ9.eyJzdWIiOiI5NzY5NDc0NTY1IiwiaWF0IjoxNzEyMzEzMjMwLCJleHAiOjE3MTI0OTMyMzB9.9fu5B8og933vWxYKaDGBPjrdkK8gw9ta0D8J4FMc8zI-JKYIo_Le5kOLSA7BzlXc1oSZq3wQvDLsj7lzyEgd3w,54,t,t,BEARER
171,eyJhbGciOiJIUzUxMiJ9.eyJzdWIiOiI5NzY5NDc0NTY1IiwiaWF0IjoxNzEyMzE1NzI4LCJleHAiOjE3MTI0OTU3Mjh9.5F3-Ph1PfAMNPoxOyfe1MN9FNt7Bksu92LVf03RnipGjmcATmeVQT6XZlmaZYTqAuGk1UjlbwHMoJTQYrlVtfw,54,t,t,BEARER
176,eyJhbGciOiJIUzUxMiJ9.eyJzdWIiOiI5NzY5NDc0NTY1IiwiaWF0IjoxNzEyNTUxNTY0LCJleHAiOjE3MTI3MzE1NjR9.3xAeDbD6-yDnU2t8_k1qT5iK5GGTBQG5eZ96n1I5EmbNbuXnAOFED_E4b5-T6llgmNDix2OJv8RoZzLkHtci6w,54,t,t,BEARER
181,eyJhbGciOiJIUzUxMiJ9.eyJzdWIiOiI5NzY5NDc0NTY1IiwiaWF0IjoxNzEyNTUxNzU2LCJleHAiOjE3MTI3MzE3NTZ9.QeWQxKgpDKgmDeby71Vk5tmESxqoRbT1d05lKbEz3gntA3ptRjp9d6SZlm2KzPaAUfZhpZQIdDy-tLA4oacnyQ,54,t,t,BEARER
186,eyJhbGciOiJIUzUxMiJ9.eyJzdWIiOiI5NzY5NDc0NTQzIiwiaWF0IjoxNzEyNTUyMzI2LCJleHAiOjE3MTI3MzIzMjZ9.cyoyhj1xLpzWWhHUBBdLDFTuMhTJbEwnD_9fGQsi_OnFVsIIYzed8ZGTbDFFTh2qUZw9iKOk_rJLRH3pAuwHlQ,55,t,t,BEARER
141,eyJhbGciOiJIUzUxMiJ9.eyJzdWIiOiI5NzY5NDc0NTY1IiwiaWF0IjoxNzEyMTI1MDkwLCJleHAiOjE3MTIzMDUwOTB9.qFc19L7jn_g9L1EfDHaunJr6Df3c6Nf8nbDezuBpm8-Ef_lLi83e6SoOlvYf2lbptnT9Mx_HXl9D2ygMLRZCng,54,t,t,BEARER
142,eyJhbGciOiJIUzUxMiJ9.eyJzdWIiOiI5NzY5NDc0NTY1IiwiaWF0IjoxNzEyMTI1MTAwLCJleHAiOjE3MTIzMDUxMDB9.DrjBMtmZBsTdWEnML80N4t7sVLlseEnlDkMf3oNeVdpzhpNrhkzsdBVioP437MJWQQbJF8xJlxf52f1Dxq6wtg,54,t,t,BEARER
143,eyJhbGciOiJIUzUxMiJ9.eyJzdWIiOiI5NzY5NDc0NTY1IiwiaWF0IjoxNzEyMTI1MTAxLCJleHAiOjE3MTIzMDUxMDF9.ncJenJC1m4Hof7TlbPGuNfOvrVluc3TTLlkYrjFrw7poDEJLHOfYDD3uQFGa9-x2VjpQsYnlackcd75xz-2jYg,54,t,t,BEARER
144,eyJhbGciOiJIUzUxMiJ9.eyJzdWIiOiI5NzY5NDc0NTY1IiwiaWF0IjoxNzEyMTI1MzMwLCJleHAiOjE3MTIzMDUzMzB9.GeI5A2vw0zIgWBTTSaWnRamXKD7bF8xOqjx7bxBTl3WkxXAYNTpHG-A2lEERcq_Zjbijq59s3-a12Gd3jJQKbA,54,t,t,BEARER
195,eyJhbGciOiJIUzUxMiJ9.eyJzdWIiOiI4NDk3NDkyMzc0OSIsImlhdCI6MTcxMjY0NDg0NywiZXhwIjoxNzEyODI0ODQ3fQ.mKqc_W7wdGl_EyB_91V9jLRIo-5hp1EYV4_LtWwRFqOxizlrUGcObVPVwjInEdVd90yrg8CWtxmOIMF7AtAFPQ,63,t,t,BEARER
200,eyJhbGciOiJIUzUxMiJ9.eyJzdWIiOiI4NDk3NDkyMzc0OSIsImlhdCI6MTcxMjY0NjAxOCwiZXhwIjoxNzEyODI2MDE4fQ.dZzFmoWH40Uq22XsELP2bXxchNSmJQFulxpY2_CYH0S81Aj-UTGJeeIMS6EhU4VLAHuUUO2Ev3bcWhiLak8xAA,63,t,t,BEARER
205,eyJhbGciOiJIUzUxMiJ9.eyJzdWIiOiI4OTUwNTkzNTQ2IiwiaWF0IjoxNzEyNjQ2ODYyLCJleHAiOjE3MTI4MjY4NjJ9._zdR1vTOvUvEyq1PRDg4KyHtHteJLsf8OD6D7llicgF6KqYUKwOcVQiODS14CmnqG3o9dNjxvggo50gcD8KmSg,57,t,t,BEARER
210,eyJhbGciOiJIUzUxMiJ9.eyJzdWIiOiI4OTUwNTkzNTQ2IiwiaWF0IjoxNzEyNjU1NDQwLCJleHAiOjE3MTI4MzU0NDB9.vcF8UtPGlBMNuR1yGUHfAb6AR9IFp9pqu119xaqQDCOLLr9riGfw7FySH4wmClCXBxOazbcQ0OQLUurB1agA7A,57,t,t,BEARER
215,eyJhbGciOiJIUzUxMiJ9.eyJzdWIiOiI5ODc2NTQzMjExIiwiaWF0IjoxNzEyNjU2OTY3LCJleHAiOjE3MTI4MzY5Njd9.jF3O_q7pjDol86WRO8BifkP4cOLCLx5QAaM-Vtszh8q9r7S-WACcPXDwlQUctTWOQd_SF8E4qjvqQJksWLYvPA,64,t,t,BEARER
220,eyJhbGciOiJIUzUxMiJ9.eyJzdWIiOiI5ODc2NTQzMjExIiwiaWF0IjoxNzEyNjU3NTk5LCJleHAiOjE3MTI4Mzc1OTl9.Qdmp_C76LsogStwY_oc6Lw-XV29kDqZ2b0lEcCfG6SLfT8rd6YM5_3YFSDQc-K0WIJ0AZyzuwcfpmsX5gTFmaw,64,t,t,BEARER
225,eyJhbGciOiJIUzUxMiJ9.eyJzdWIiOiI5ODc2NTQzMjExIiwiaWF0IjoxNzEyNjU5OTI5LCJleHAiOjE3MTI4Mzk5Mjl9.4do2ObKvGwq6Xn2mfRse-6pM-6lsvyU72WoMFBH6kXh1_vdmdVkC1Fr4ljHO1PHDkNSGCn67ptbtXMZCyxUWiQ,64,t,t,BEARER
230,eyJhbGciOiJIUzUxMiJ9.eyJzdWIiOiI5ODc2NTQzMjExIiwiaWF0IjoxNzEyNjYwNTg1LCJleHAiOjE3MTI4NDA1ODV9.7ws8ooRM3voD_yLjGiAP2nj7c-Rny9gIf694CkafYfg_iMIOHXg7PqEKlvg0MZzQN9e0pnC0WlktH1buSvPL-Q,64,t,t,BEARER
235,eyJhbGciOiJIUzUxMiJ9.eyJzdWIiOiI5ODc2NTQzMjExIiwiaWF0IjoxNzEyNjYxMzQxLCJleHAiOjE3MTI4NDEzNDF9.FANWWWVtE-UVYdmOw-87J4Ot9t6ZoxvGmYj8C48jtkfqDrFfRzKLyaj8Mnx-ioGReRUtMWw_afZG0kdKYNxPVA,64,t,t,BEARER
240,eyJhbGciOiJIUzUxMiJ9.eyJzdWIiOiI5ODc2NTQzMjExIiwiaWF0IjoxNzEyNjYyNDI0LCJleHAiOjE3MTI4NDI0MjR9.mJP6kGwBJyAfLh-jSSrrZhDf1piWsYaHJgtQ_b5Eo9VbZ2WiZRbJuOWcaGuJJe4w4axr9Mz_7TPzggGwvybL1A,64,t,t,BEARER
245,eyJhbGciOiJIUzUxMiJ9.eyJzdWIiOiI4OTUwNTkzNTQ2IiwiaWF0IjoxNzEyNzE5OTE5LCJleHAiOjE3MTI4OTk5MTl9.sw17zpKRqhNc3iGhpuwjLNcpFkR9kkmgloB6QN_VoMyethSQA4RCsW0Ij0uzhF_73mUmiKFv2y_PLSvHXLMFgQ,57,f,f,BEARER
250,eyJhbGciOiJIUzUxMiJ9.eyJzdWIiOiI5ODc2NTQzMjExIiwiaWF0IjoxNzEyNzI2NTM5LCJleHAiOjE3MTI5MDY1Mzl9.-09vybr92olzWWYwit7yqVe0Ds0_yB-f0Hd6j1f84M7ehR_H8eRd0B2WFoYx05sGClg1XSUTPq-rVDEyWDA8qA,64,t,t,BEARER
255,eyJhbGciOiJIUzUxMiJ9.eyJzdWIiOiI5ODc2NTQzMjExIiwiaWF0IjoxNzEyNzI3MzA2LCJleHAiOjE3MTI5MDczMDZ9.omU_qPOkgefJQUeJ21RhLwnZE_NNB4a5aLAq2YElHpsq53Fqxq7NrA5XD0wfHsNpz9Zj15nqO066e8-h5EaQ_A,64,t,t,BEARER
260,eyJhbGciOiJIUzUxMiJ9.eyJzdWIiOiI5ODc2NTQzMjExIiwiaWF0IjoxNzEyNzMyMDM2LCJleHAiOjE3MTI5MTIwMzZ9.1V8vCygAQpX5CYgyDrfksj8NOBII48qwKQ5vMcTCc9QCZsgK-sseze307gY2l96RDMk0rJoPv6-8oULPG-kFGw,64,t,t,BEARER
264,eyJhbGciOiJIUzUxMiJ9.eyJzdWIiOiI5ODc2NTQzMjExIiwiaWF0IjoxNzEyNzMyOTY1LCJleHAiOjE3MTI5MTI5NjV9.0ZqfW5MwfVT6oG0DowZ02OmuOuB0MEFY9P9HNwqBJZE5OMX7NBnegil0u1Nayh8tAA-NfMF5Gu375jNgKNlY9Q,64,t,t,BEARER
265,eyJhbGciOiJIUzUxMiJ9.eyJzdWIiOiI5ODc2NTQzMjExIiwiaWF0IjoxNzEyNzMzMDgyLCJleHAiOjE3MTI5MTMwODJ9.7D9GFpy5pU2Zz18rjTyoBw2k6114fXq-F48TKBS2c8lqp3pGoMzWMbf4zOJqzrA-oTctvb8wzKy03FEwGB-DhA,64,t,t,BEARER
269,eyJhbGciOiJIUzUxMiJ9.eyJzdWIiOiI5ODc2NTQzMjExIiwiaWF0IjoxNzEyNzM0NDU2LCJleHAiOjE3MTI5MTQ0NTZ9.K9kEWp7khQh3jGQosXp6QF_XeyzdXoHp45Z3oDpfPqNep7MUhuaz0TR1PRUec_nruhQ8xu7mngG3FI-neU0cyA,64,t,t,BEARER
270,eyJhbGciOiJIUzUxMiJ9.eyJzdWIiOiI5ODc2NTQzMjExIiwiaWF0IjoxNzEyNzM0NzQ3LCJleHAiOjE3MTI5MTQ3NDd9.jaYxZYai60SYIVwUo810rju6RttJV4g-qvuOTqEvF3KlvvIvPfBHvkjfbCDAmpQAgyDEJ4Fj7RA3d--l2Ggx9w,64,t,t,BEARER
274,eyJhbGciOiJIUzUxMiJ9.eyJzdWIiOiI5ODc2NTQzMjExIiwiaWF0IjoxNzEyNzM3MjA4LCJleHAiOjE3MTI5MTcyMDh9.NM09uKz4x4joFVWsIMy5XcfDoyJ9QsmcZ-fGZM6_RIzQyyAZta3Gr3UOeoZvlrTZc6iFYxwTP9rHtrnZS1vreg,64,t,t,BEARER
275,eyJhbGciOiJIUzUxMiJ9.eyJzdWIiOiI5ODc2NTQzMjExIiwiaWF0IjoxNzEyNzM3MzU0LCJleHAiOjE3MTI5MTczNTR9.yoAqZ8QFhWZ5BZilhbiFM6jyevvbVNVkg6ERQoxWW6UFPCgkQwdsaBSfKfebWrOn1gYXmD8T9aPIXJtHGBjARA,64,t,t,BEARER
288,eyJhbGciOiJIUzUxMiJ9.eyJzdWIiOiI5ODc2NTQzMjExIiwiaWF0IjoxNzEyNzQwNjkyLCJleHAiOjE3MTI5MjA2OTJ9.vFnpsz28v31JrRyyNXzGmu-A-HgAGY_HzU_CAywoo0ODbqh3VRRgx3fi18GGFw6lW3BUl6yJb-N0tnkTLsUyPA,64,t,t,BEARER
298,eyJhbGciOiJIUzUxMiJ9.eyJzdWIiOiI5ODc2NTQzMjExIiwiaWF0IjoxNzEyNzQzODYzLCJleHAiOjE3MTI5MjM4NjN9.3P3ys5Py_k5Z5efZWs0uzowRZrlGMPgtko7jD2sQbpnnBrmHhQO_tLlnYIeMJHu-gMTjUPQSlF6lTAmnI0Ibyw,64,t,t,BEARER
299,eyJhbGciOiJIUzUxMiJ9.eyJzdWIiOiI5ODc2NTQzMjExIiwiaWF0IjoxNzEyNzQzOTg3LCJleHAiOjE3MTI5MjM5ODd9.1RPFy42jOjfir1KZbvsQHhPTbGGbN_CxOk32AuzTnSG4MQAib2hkDmOh3InYbX2Or5ELBuYndu7rVdzyV2iv5g,64,t,t,BEARER
300,eyJhbGciOiJIUzUxMiJ9.eyJzdWIiOiI5NzY5NDc0NTY1IiwiaWF0IjoxNzEyNzQ0Mjk5LCJleHAiOjE3MTI5MjQyOTl9.8-vYuMqrNBAch0PlkkZph1on2af8g0As79bnJ2JHZqa9TB-dAHAxXWMw3jygF2vJQO1OQeo834KJ7Wcdz9UKSg,54,t,t,BEARER
301,eyJhbGciOiJIUzUxMiJ9.eyJzdWIiOiI5ODc2NTQzMjExIiwiaWF0IjoxNzEyNzQ0MzAxLCJleHAiOjE3MTI5MjQzMDF9.AyzuqgWK7eUQBlw3bEqUYLGni2QSsiIRW76QCz77GeDKbISg8kg9NQLKisFk1cFWgwEqyLpRQuS83o1yNZcuVg,64,t,t,BEARER
303,eyJhbGciOiJIUzUxMiJ9.eyJzdWIiOiI5ODc2NTQzMjExIiwiaWF0IjoxNzEyNzQ0OTE1LCJleHAiOjE3MTI5MjQ5MTV9.447Fb5YzJKXfvvWS0tAZwwLi4x-cfj1x2017FQKxr9iUPb9mz1kh8nYWbuGvlqNXSfYF2nN55MOnUdSNC_vbJA,64,t,t,BEARER
305,eyJhbGciOiJIUzUxMiJ9.eyJzdWIiOiI5NzY5NDc0NTY1IiwiaWF0IjoxNzEyNzQ1MjEzLCJleHAiOjE3MTI5MjUyMTN9.yIQahxDrAbaWGPQ9-xiDKh8djbe4dYIf-ZGSMMH3du5dtCLS56dWb_GT1pBQ_-bxJ4lLafzP7HpWEPLOIfNHYg,54,f,f,BEARER
302,eyJhbGciOiJIUzUxMiJ9.eyJzdWIiOiI5NzY5NDc0NTY1IiwiaWF0IjoxNzEyNzQ0NjUyLCJleHAiOjE3MTI5MjQ2NTJ9.ndn8FavLCyNLOpYH1rCP9tmhtzVvOzeL8h-x8_AnXoGBHDW0678-DX_qV5i1dQ0c1FuVLLG_T3Fr39XIOB4XnQ,54,t,t,BEARER
304,eyJhbGciOiJIUzUxMiJ9.eyJzdWIiOiI5ODc2NTQzMjExIiwiaWF0IjoxNzEyNzQ1MTk2LCJleHAiOjE3MTI5MjUxOTZ9.p0BPdGgNK-ONCs_TTLRftY0t05YuuKVy09Jj4tSLx7a9nDk3GMjv3UMgXg_6Xy1JVZc0mYZwr5KFmoOjmpSLLA,64,t,t,BEARER
306,eyJhbGciOiJIUzUxMiJ9.eyJzdWIiOiI5ODc2NTQzMjExIiwiaWF0IjoxNzEyNzQ1MjI3LCJleHAiOjE3MTI5MjUyMjd9.JuIfqcAt3ajUZgeUEXn1ONqiQbfuydy6eLoPnVhkC8q0xE_S660rROZ_ubLo77dHFMjFh59OPHy2bODBmHhkAw,64,t,t,BEARER
307,eyJhbGciOiJIUzUxMiJ9.eyJzdWIiOiI5ODc2NTQzMjExIiwiaWF0IjoxNzEyNzQ5MTIwLCJleHAiOjE3MTI5MjkxMjB9.7xE0Am9vdH58Ges9xzK8jAvGdbLmv_M2KtRxcRGSoATfwi11yo323sGoo7ARbhR8X98ZEmrF0dZbr2U18hAUfg,64,t,t,BEARER
308,eyJhbGciOiJIUzUxMiJ9.eyJzdWIiOiI5ODc2NTQzMjExIiwiaWF0IjoxNzEyNzQ5MTcwLCJleHAiOjE3MTI5MjkxNzB9.K1oClzhU0ecCkR5tLMtqTuayfHUBRGJn4WnVX8_6f154YaAHuVHSnNdH-6MT4qD-FEBsFXyd_7y0ckmL1CJrPg,64,t,t,BEARER
309,eyJhbGciOiJIUzUxMiJ9.eyJzdWIiOiI5ODc2NTQzMjExIiwiaWF0IjoxNzEyNzQ5MzE3LCJleHAiOjE3MTI5MjkzMTd9.ri_afoYwP443Bk3pLNjQOTww6z1D3A5qVLx4g5zqePvtceriuVP96PHKxfh9s4Ndo3tPyjJUT_gCRtg-ppZvFw,64,t,t,BEARER
310,eyJhbGciOiJIUzUxMiJ9.eyJzdWIiOiI5ODc2NTQzMjExIiwiaWF0IjoxNzEyNzQ5NDczLCJleHAiOjE3MTI5Mjk0NzN9.FTrcprhWkPS-Gr0Mr3ItAH9EjY6HYkAN-feeoJTEEKziqkVwnKnJlx9z04d56XRzEowPpAAo2pcOr59nqpjLzA,64,t,t,BEARER
311,eyJhbGciOiJIUzUxMiJ9.eyJzdWIiOiI5ODc2NTQzMjExIiwiaWF0IjoxNzEyNzQ5NTQ4LCJleHAiOjE3MTI5Mjk1NDh9.HHHWaVGslKgXPq3pLl6BNPF02pQMOQ42cy8vYPx-vkWVk0blzZ5mLMsk045xMzD5YJ0Ta6sFS1BrWqIeow7LWg,64,t,t,BEARER
312,eyJhbGciOiJIUzUxMiJ9.eyJzdWIiOiI5ODc2NTQzMjExIiwiaWF0IjoxNzEyNzQ5NjYxLCJleHAiOjE3MTI5Mjk2NjF9.HfUYUZXZMBai1IKBwh1iHR4rf8uvrMSIuJb1JRUDcq_FJmhjqgoqyfVCggx4da6sKnBnBYZdHaVEYZfHmGfvPg,64,t,t,BEARER
313,eyJhbGciOiJIUzUxMiJ9.eyJzdWIiOiI5ODc2NTQzMjExIiwiaWF0IjoxNzEyNzQ5NzI1LCJleHAiOjE3MTI5Mjk3MjV9.Ogu8jUlIf9AmTpprHPfoMkqD_xijhvYy-MQmPL1jd-lpZ47IiejvJUb1eoDVTZTO3ACQRpnrppS_Ltb-kxzcNg,64,t,t,BEARER
314,eyJhbGciOiJIUzUxMiJ9.eyJzdWIiOiI5ODc2NTQzMjExIiwiaWF0IjoxNzEyNzQ5ODU1LCJleHAiOjE3MTI5Mjk4NTV9.iZjxSkWtIXeX9W2jGmAamiZRWPocBkyqwZeNWmZ5IH4KLLU6aSP33_YV9Tgu1H1wBvOQeUZFf9--ux9ftrXElw,64,t,t,BEARER
315,eyJhbGciOiJIUzUxMiJ9.eyJzdWIiOiI5ODc2NTQzMjExIiwiaWF0IjoxNzEyNzQ5OTE0LCJleHAiOjE3MTI5Mjk5MTR9.YLKdCnP-lQdw3NbYn5ih50b5AGecwjJo1gnG4nTWK51HytVwreCgBV0IyPyZyZJMupP_oodk-0H0Ftm5gs05Mg,64,t,t,BEARER
316,eyJhbGciOiJIUzUxMiJ9.eyJzdWIiOiI5ODc2NTQzMjExIiwiaWF0IjoxNzEyNzUwMTI1LCJleHAiOjE3MTI5MzAxMjV9.87NFot4chMurHvSOAHHr3patDDz_t8BhpjMwEodotFretpUqG_0cLdN1MbIG_uBoyf9p4vWcnz4nsVIv9u6HYw,64,t,t,BEARER
317,eyJhbGciOiJIUzUxMiJ9.eyJzdWIiOiI5ODc2NTQzMjExIiwiaWF0IjoxNzEyNzUwMjU2LCJleHAiOjE3MTI5MzAyNTZ9.1dPK7eBAfkH6_mkoEfA6TCqcDmPPz3zgkLvw4aHiL1Hz_PMmTxIbTiOSDueL41kvPQOY6eDiD4f6zaZ_ZcJ4Kw,64,t,t,BEARER
318,eyJhbGciOiJIUzUxMiJ9.eyJzdWIiOiI5ODc2NTQzMjExIiwiaWF0IjoxNzEyOTAwMDUwLCJleHAiOjE3MTMwODAwNTB9.rZjb54jatkp5Gbs4Fo1dZdUysrWvdLxNPi95SPBGjOtBlZKcFurtWWY1T2WB8gdIlFDaz6b9rAeDlRCZS9sOtw,64,t,t,BEARER
319,eyJhbGciOiJIUzUxMiJ9.eyJzdWIiOiI5ODc2NTQzMjExIiwiaWF0IjoxNzEyOTAwMDUxLCJleHAiOjE3MTMwODAwNTF9.qpGIBZt4hBfHlNYp7K0dVBtmYV7NqnEJqEdIroeCze8sC4VumdUXaiUxZBQGOWnzH2SEsOo4Q-Qb0VMpbsP6dw,64,t,t,BEARER
320,eyJhbGciOiJIUzUxMiJ9.eyJzdWIiOiI5ODc2NTQzMjExIiwiaWF0IjoxNzEyOTAwMTAzLCJleHAiOjE3MTMwODAxMDN9.cAkrFtuCwvn7dg1ILn59LtP9B81jKa-xxgED_LIatwNbhrIPkd1kjDG31E8e41dEEhazu42uyGXh1OyrZCSh8Q,64,t,t,BEARER
322,eyJhbGciOiJIUzUxMiJ9.eyJzdWIiOiI5ODc2NTQzMjExIiwiaWF0IjoxNzEyOTAzNTE3LCJleHAiOjE3MTMwODM1MTd9.tpn1WT7_aOok0FNbmuvUwb63B99rFaebIYxi_sIIvbZ5QlJVvb_DmcKk975qxxZcJC30tXEDSGFK3XGBNRnzxw,64,f,f,BEARER
321,eyJhbGciOiJIUzUxMiJ9.eyJzdWIiOiI5ODc2NTQzMjExIiwiaWF0IjoxNzEyOTAzNDYwLCJleHAiOjE3MTMwODM0NjB9.LEQh0Xepo6yzdy62pSF8eDz1lRVKHxuuwIfOJSpn3mpxErVfi5aN6aje2SENJHsfABMSSP-ADfTa6sUz8AJ9QA,64,t,t,BEARER
